{
  "__type__": "cc.SpriteFrame",
  "content": {
    "name": "icon72x72",
    "atlas": "",
    "rect": {
      "x": 2,
      "y": 0,
      "width": 68,
      "height": 72
    },
    "offset": {
      "x": 0,
      "y": 0
    },
    "originalSize": {
      "width": 72,
      "height": 72
    },
    "rotated": false,
    "capInsets": [
      0,
      0,
      0,
      0
    ],
    "vertices": {
      "rawPosition": [
        -34,
        -36,
        0,
        34,
        -36,
        0,
        -34,
        36,
        0,
        34,
        36,
        0
      ],
      "indexes": [
        0,
        1,
        2,
        2,
        1,
        3
      ],
      "uv": [
        2,
        72,
        70,
        72,
        2,
        0,
        70,
        0
      ],
      "nuv": [
        0.027777777777777776,
        0,
        0.9722222222222222,
        0,
        0.027777777777777776,
        1,
        0.9722222222222222,
        1
      ],
      "minPos": {
        "x": -34,
        "y": -36,
        "z": 0
      },
      "maxPos": {
        "x": 34,
        "y": 36,
        "z": 0
      }
    },
    "texture": "3061478c-d26a-4d53-80ec-e393b2686cf0@6c48a",
    "packable": true,
    "pixelsToUnit": 100,
    "pivot": {
      "x": 0.5,
      "y": 0.5
    },
    "meshType": 0
  }
}