{
  "__type__": "cc.SpriteFrame",
  "content": {
    "name": "restart_nor",
    "atlas": "",
    "rect": {
      "x": 1,
      "y": 1,
      "width": 111,
      "height": 27
    },
    "offset": {
      "x": 0.5,
      "y": -0.5
    },
    "originalSize": {
      "width": 112,
      "height": 28
    },
    "rotated": false,
    "capInsets": [
      0,
      0,
      0,
      0
    ],
    "vertices": {
      "rawPosition": [
        -55.5,
        -13.5,
        0,
        55.5,
        -13.5,
        0,
        -55.5,
        13.5,
        0,
        55.5,
        13.5,
        0
      ],
      "indexes": [
        0,
        1,
        2,
        2,
        1,
        3
      ],
      "uv": [
        1,
        27,
        112,
        27,
        1,
        0,
        112,
        0
      ],
      "nuv": [
        0.008928571428571428,
        0,
        1,
        0,
        0.008928571428571428,
        0.9642857142857143,
        1,
        0.9642857142857143
      ],
      "minPos": {
        "x": -55.5,
        "y": -13.5,
        "z": 0
      },
      "maxPos": {
        "x": 55.5,
        "y": 13.5,
        "z": 0
      }
    },
    "texture": "0e0dbd3e-e991-4d40-b289-567f9ce70f47@6c48a",
    "packable": true,
    "pixelsToUnit": 100,
    "pivot": {
      "x": 0.5,
      "y": 0.5
    },
    "meshType": 0
  }
}