{
  "__type__": "cc.SpriteFrame",
  "content": {
    "name": "hero2",
    "atlas": "",
    "rect": {
      "x": 1,
      "y": 1,
      "width": 99,
      "height": 121
    },
    "offset": {
      "x": 0.5,
      "y": -0.5
    },
    "originalSize": {
      "width": 100,
      "height": 122
    },
    "rotated": false,
    "capInsets": [
      0,
      0,
      0,
      0
    ],
    "vertices": {
      "rawPosition": [
        -49.5,
        -60.5,
        0,
        49.5,
        -60.5,
        0,
        -49.5,
        60.5,
        0,
        49.5,
        60.5,
        0
      ],
      "indexes": [
        0,
        1,
        2,
        2,
        1,
        3
      ],
      "uv": [
        1,
        121,
        100,
        121,
        1,
        0,
        100,
        0
      ],
      "nuv": [
        0.01,
        0,
        1,
        0,
        0.01,
        0.9918032786885246,
        1,
        0.9918032786885246
      ],
      "minPos": {
        "x": -49.5,
        "y": -60.5,
        "z": 0
      },
      "maxPos": {
        "x": 49.5,
        "y": 60.5,
        "z": 0
      }
    },
    "texture": "409d95fa-00c5-4ae8-a20e-beaca3f6b372@6c48a",
    "packable": true,
    "pixelsToUnit": 100,
    "pivot": {
      "x": 0.5,
      "y": 0.5
    },
    "meshType": 0
  }
}