{
  "__type__": "cc.SpriteFrame",
  "content": {
    "name": "hero1",
    "atlas": "",
    "rect": {
      "x": 1,
      "y": 1,
      "width": 99,
      "height": 123
    },
    "offset": {
      "x": 0.5,
      "y": -0.5
    },
    "originalSize": {
      "width": 100,
      "height": 124
    },
    "rotated": false,
    "capInsets": [
      0,
      0,
      0,
      0
    ],
    "vertices": {
      "rawPosition": [
        -49.5,
        -61.5,
        0,
        49.5,
        -61.5,
        0,
        -49.5,
        61.5,
        0,
        49.5,
        61.5,
        0
      ],
      "indexes": [
        0,
        1,
        2,
        2,
        1,
        3
      ],
      "uv": [
        1,
        123,
        100,
        123,
        1,
        0,
        100,
        0
      ],
      "nuv": [
        0.01,
        0,
        1,
        0,
        0.01,
        0.9919354838709677,
        1,
        0.9919354838709677
      ],
      "minPos": {
        "x": -49.5,
        "y": -61.5,
        "z": 0
      },
      "maxPos": {
        "x": 49.5,
        "y": 61.5,
        "z": 0
      }
    },
    "texture": "4b518bfe-7e8d-44f1-904c-dcf6fbf7d271@6c48a",
    "packable": true,
    "pixelsToUnit": 100,
    "pivot": {
      "x": 0.5,
      "y": 0.5
    },
    "meshType": 0
  }
}