{
  "__type__": "cc.SpriteFrame",
  "content": {
    "name": "game_pause_nor",
    "atlas": "",
    "rect": {
      "x": 1,
      "y": 1,
      "width": 41,
      "height": 44
    },
    "offset": {
      "x": 0.5,
      "y": -0.5
    },
    "originalSize": {
      "width": 42,
      "height": 45
    },
    "rotated": false,
    "capInsets": [
      0,
      0,
      0,
      0
    ],
    "vertices": {
      "rawPosition": [
        -20.5,
        -22,
        0,
        20.5,
        -22,
        0,
        -20.5,
        22,
        0,
        20.5,
        22,
        0
      ],
      "indexes": [
        0,
        1,
        2,
        2,
        1,
        3
      ],
      "uv": [
        1,
        44,
        42,
        44,
        1,
        0,
        42,
        0
      ],
      "nuv": [
        0.023809523809523808,
        0,
        1,
        0,
        0.023809523809523808,
        0.9777777777777777,
        1,
        0.9777777777777777
      ],
      "minPos": {
        "x": -20.5,
        "y": -22,
        "z": 0
      },
      "maxPos": {
        "x": 20.5,
        "y": 22,
        "z": 0
      }
    },
    "texture": "b531ec2c-39e4-4117-bd5b-1a9b40ee9d06@6c48a",
    "packable": true,
    "pixelsToUnit": 100,
    "pivot": {
      "x": 0.5,
      "y": 0.5
    },
    "meshType": 0
  }
}