{
  "__type__": "cc.SpriteFrame",
  "content": {
    "name": "hero_blowup_n2",
    "atlas": "",
    "rect": {
      "x": 0,
      "y": 1,
      "width": 98,
      "height": 123
    },
    "offset": {
      "x": 0,
      "y": -0.5
    },
    "originalSize": {
      "width": 98,
      "height": 124
    },
    "rotated": false,
    "capInsets": [
      0,
      0,
      0,
      0
    ],
    "vertices": {
      "rawPosition": [
        -49,
        -61.5,
        0,
        49,
        -61.5,
        0,
        -49,
        61.5,
        0,
        49,
        61.5,
        0
      ],
      "indexes": [
        0,
        1,
        2,
        2,
        1,
        3
      ],
      "uv": [
        0,
        123,
        98,
        123,
        0,
        0,
        98,
        0
      ],
      "nuv": [
        0,
        0,
        1,
        0,
        0,
        0.9919354838709677,
        1,
        0.9919354838709677
      ],
      "minPos": {
        "x": -49,
        "y": -61.5,
        "z": 0
      },
      "maxPos": {
        "x": 49,
        "y": 61.5,
        "z": 0
      }
    },
    "texture": "69f2f5f4-6172-4329-9189-f88dd55f4503@6c48a",
    "packable": true,
    "pixelsToUnit": 100,
    "pivot": {
      "x": 0.5,
      "y": 0.5
    },
    "meshType": 0
  }
}