{
  "__type__": "cc.SpriteFrame",
  "content": {
    "name": "New Atlas",
    "atlas": "",
    "rect": {
      "x": 0,
      "y": 159,
      "width": 132,
      "height": 97
    },
    "offset": {
      "x": -62,
      "y": -79.5
    },
    "originalSize": {
      "width": 256,
      "height": 256
    },
    "rotated": false,
    "capInsets": [
      0,
      0,
      0,
      0
    ],
    "vertices": {
      "rawPosition": [
        -66,
        -48.5,
        0,
        66,
        -48.5,
        0,
        -66,
        48.5,
        0,
        66,
        48.5,
        0
      ],
      "indexes": [
        0,
        1,
        2,
        2,
        1,
        3
      ],
      "uv": [
        0,
        97,
        132,
        97,
        0,
        0,
        132,
        0
      ],
      "nuv": [
        0,
        0,
        0.515625,
        0,
        0,
        0.37890625,
        0.515625,
        0.37890625
      ],
      "minPos": {
        "x": -66,
        "y": -48.5,
        "z": 0
      },
      "maxPos": {
        "x": 66,
        "y": 48.5,
        "z": 0
      }
    },
    "texture": "86364442-9442-40b9-9142-7058f016f0b5@6c48a",
    "packable": true,
    "pixelsToUnit": 100,
    "pivot": {
      "x": 0.5,
      "y": 0.5
    },
    "meshType": 0
  }
}